group,estimate
A(H1N1)pdm09,22.62032673
A(H3N2),19.23363269
B/Yamagata,20.54415469
B/Victoria,20.71646017
