group,estimate
A(H1N1)pdm09,6.035253453
A(H3N2),5.030150272
B/Yamagata,4.353767574
B/Victoria,5.104096144
